name,datetime,temp,feelslike,dew,humidity,precip,precipprob,preciptype,snow,snowdepth,windgust,windspeed,winddir,sealevelpressure,cloudcover,visibility,solarradiation,solarenergy,uvindex,severerisk,conditions,icon,stations
punjab,2022-11-04T00:00:00,22.2,22.2,8.3,40.92,0,0,,0,0,5.4,5.4,47.1,1012,2,24.1,0,,0,10,Clear,clear-night,remote
punjab,2022-11-04T01:00:00,21.8,21.8,8.2,41.65,0,0,,0,0,5,5,42.4,1012,5,24.1,0,,0,10,Clear,clear-night,remote
punjab,2022-11-04T02:00:00,21.5,21.5,8.1,42.13,0,0,,0,0,5.4,5.4,45.1,1012,5,24.1,0,,0,10,Clear,clear-night,remote
punjab,2022-11-04T03:00:00,21,21,8.1,43.45,0,0,,0,0,6.8,6.8,65.8,1012,65.6,24.1,0,,0,10,Partially cloudy,partly-cloudy-night,remote
punjab,2022-11-04T04:00:00,20.3,20.3,8.2,45.67,0,0,,0,0,7.9,7.9,85,1012,100,24.1,0,,0,10,Overcast,cloudy,remote
punjab,2022-11-04T05:00:00,19.8,19.8,8.4,47.75,0,0,,0,0,6.1,6.1,100.4,1012,36.8,24.1,0,,0,10,Partially cloudy,partly-cloudy-night,remote
punjab,2022-11-04T06:00:00,19.3,19.3,8.6,49.93,0,0,,0,0,4.3,4.7,95.3,1012,99.8,24.1,0,,0,10,Overcast,cloudy,remote
punjab,2022-11-04T07:00:00,19.2,19.2,8.7,50.58,0,0,,0,0,5,5.4,104.3,1013,81.3,24.1,0,,0,10,Partially cloudy,partly-cloudy-day,remote
punjab,2022-11-04T08:00:00,19.9,19.9,9.4,50.77,0,0,,0,0,5.8,5.8,117,1013,5.8,24.1,23,0.1,0,10,Clear,clear-day,remote
punjab,2022-11-04T09:00:00,22.5,22.5,9.6,43.87,0,0,,0,0,6.8,6.5,123.2,1014,100,24.1,175,0.6,2,10,Overcast,cloudy,remote
punjab,2022-11-04T10:00:00,24.7,24.7,9.5,38.16,0,0,,0,0,5.8,6.5,124.2,1015,99.5,24.1,333,1.2,3,10,Overcast,cloudy,remote
punjab,2022-11-04T11:00:00,27,26.5,9.4,33.08,0,0,,0,0,4.3,6.5,114.1,1014,95.4,24.1,494,1.8,5,10,Overcast,cloudy,remote
punjab,2022-11-04T12:00:00,29.1,27.9,9.2,28.87,0,0,,0,0,2.2,4,123,1014,100,24.1,596,2.1,6,10,Overcast,cloudy,
punjab,2022-11-04T13:00:00,30.3,28.7,8.7,26.05,0,0,,0,0,2.2,0.7,8.9,1013,99.3,24.1,598,2.2,6,10,Overcast,cloudy,
punjab,2022-11-04T14:00:00,31,29.3,8.4,24.52,0,0,,0,0,5.8,4,321,1012,100,24.1,584,2.1,6,10,Overcast,cloudy,
punjab,2022-11-04T15:00:00,31.1,29.3,7.9,23.57,0,0,,0,0,7.2,5,328.5,1011,11.6,24.1,497,1.8,5,10,Clear,clear-day,
punjab,2022-11-04T16:00:00,31,29.2,7.6,23.23,0,0,,0,0,7.2,5.8,333.2,1011,59.6,24.1,421,1.5,4,10,Partially cloudy,partly-cloudy-day,
punjab,2022-11-04T17:00:00,30.4,28.8,8.6,25.73,0,0,,0,0,6.1,5.4,358.4,1011,69.5,24.1,229,0.8,2,10,Partially cloudy,partly-cloudy-day,
punjab,2022-11-04T18:00:00,27.2,26.5,8.3,30.35,0,0,,0,0,8.3,8.3,35.8,1012,28.6,24.1,57,0.2,0,10,Partially cloudy,partly-cloudy-night,
punjab,2022-11-04T19:00:00,25.5,25.5,8.3,33.55,0,0,,0,0,11.2,10.8,58.6,1012,17.7,24.1,0,,0,10,Clear,clear-night,
punjab,2022-11-04T20:00:00,24.5,24.5,8.8,36.84,0,0,,0,0,15.1,11.9,71.6,1013,5,24.1,0,,0,10,Clear,clear-night,
punjab,2022-11-04T21:00:00,23.7,23.7,9,39.18,0,0,,0,0,15.1,11.5,81.6,1013,0.3,24.1,0,,0,10,Clear,clear-night,
punjab,2022-11-04T22:00:00,23.2,23.2,9.1,40.65,0,0,,0,0,14,11.2,91.3,1014,0,24.1,0,,0,10,Clear,clear-night,
punjab,2022-11-04T23:00:00,22.6,22.6,9.3,42.73,0,0,,0,0,13.7,10.8,103.2,1014,0,24.1,0,,0,10,Clear,clear-night,
punjab,2022-11-05T00:00:00,22,22,9.4,44.62,0,0,,0,0,13.3,10.8,115.3,1013,4.4,24.1,0,,0,10,Clear,clear-night,
punjab,2022-11-05T01:00:00,21.5,21.5,9.5,46.31,0,0,,0,0,13.7,10.8,119.9,1013,18.8,24.1,0,,0,10,Clear,clear-night,
punjab,2022-11-05T02:00:00,21,21,9.5,47.76,0,0,,0,0,14,10.8,117.9,1013,6.5,24.1,0,,0,10,Clear,clear-night,
punjab,2022-11-05T03:00:00,20.6,20.6,9.8,49.94,0,0,,0,0,17.3,11.2,109,1013,5.9,24.1,0,,0,10,Clear,clear-night,
punjab,2022-11-05T04:00:00,20,20,10.4,53.95,0,0,,0,0,15.1,10.4,114.6,1013,5,24.1,0,,0,10,Clear,clear-night,
punjab,2022-11-05T05:00:00,19.6,19.6,11.2,58.33,0,0,,0,0,17.6,10.8,121.3,1013,34.1,24.1,0,,0,10,Partially cloudy,partly-cloudy-night,
punjab,2022-11-05T06:00:00,19.3,19.3,11.9,62.24,0,0,,0,0,20.5,11.2,123.6,1014,5.1,24.1,0,,0,10,Clear,clear-night,
punjab,2022-11-05T07:00:00,19.1,19.1,12.3,64.7,0,0,,0,0,17.6,11.2,119.1,1014,8.2,24.1,0,,0,10,Clear,clear-day,
punjab,2022-11-05T08:00:00,19.5,19.5,12.8,65.22,0,0,,0,0,22,11.2,115.2,1015,52.7,24.1,21,0.1,0,10,Partially cloudy,partly-cloudy-day,
punjab,2022-11-05T09:00:00,22,22,13.2,57.39,0,0,,0,0,22,13.7,123.3,1016,81.6,24.1,159,0.6,2,10,Partially cloudy,partly-cloudy-day,
punjab,2022-11-05T10:00:00,24.6,24.6,13.3,49.37,0,0,,0,0,20.9,15.8,122.4,1016,97.8,24.1,320,1.2,3,5,Overcast,cloudy,
punjab,2022-11-05T11:00:00,26.9,26.9,13.1,42.52,0,0,,0,0,19.8,16.6,123.3,1016,54.9,24.1,472,1.7,5,3,Partially cloudy,partly-cloudy-day,
punjab,2022-11-05T12:00:00,28.8,28.1,12.5,36.59,0,0,,0,0,16.9,15.1,126.3,1015,87.5,24.1,589,2.1,6,3,Partially cloudy,partly-cloudy-day,
punjab,2022-11-05T13:00:00,30.2,29.1,12,32.66,0,0,,0,0,14.4,13.7,132.2,1014,89,24.1,615,2.2,6,10,Partially cloudy,partly-cloudy-day,
punjab,2022-11-05T14:00:00,31.1,29.8,11.6,30.21,0,0,,0,0,13.3,12.6,133.8,1013,97.1,24.1,592,2.1,6,10,Overcast,cloudy,
punjab,2022-11-05T15:00:00,31.5,30.1,11.3,28.95,0,0,,0,0,12.6,12.2,132.8,1012,100,24.1,488,1.8,5,10,Overcast,cloudy,
punjab,2022-11-05T16:00:00,31.3,29.9,11.3,29.28,0,0,,0,0,13,11.9,128.7,1012,99.1,24.1,338,1.2,3,10,Overcast,cloudy,
punjab,2022-11-05T17:00:00,30.5,29.3,11.9,31.89,0,0,,0,0,16.6,11.2,118.4,1012,100,24.1,203,0.7,2,10,Overcast,cloudy,
punjab,2022-11-05T18:00:00,27.7,27.3,12.3,38.5,0,0,,0,0,16.9,11.9,103.7,1012,99.4,24.1,44,0.2,0,10,Overcast,cloudy,
punjab,2022-11-05T19:00:00,26.2,26.2,12.6,42.88,0,0,,0,0,26.3,12.6,106.2,1013,42.2,24.1,0,,0,10,Partially cloudy,partly-cloudy-night,
punjab,2022-11-05T20:00:00,24.8,24.8,13,47.84,0,0,,0,0,29.5,13,111.9,1014,100,24.1,0,,0,3,Overcast,cloudy,
punjab,2022-11-05T21:00:00,24.2,24.2,13.3,50.57,0,0,,0,0,35.6,14.4,113.4,1014,100,24.1,0,,0,3,Overcast,cloudy,
punjab,2022-11-05T22:00:00,23.8,23.8,13.6,52.82,0,0,,0,0,38.2,15.5,114.1,1014,51.9,24.1,0,,0,5,Partially cloudy,partly-cloudy-night,
punjab,2022-11-05T23:00:00,23.3,23.3,13.8,55.15,0,0,,0,0,37.8,15.8,109.2,1015,98,24.1,0,,0,5,Overcast,cloudy,
punjab,2022-11-06T00:00:00,23,23,13.8,56.16,0,0,,0,0,37.1,15.1,110.4,1014,47,24.1,0,,0,5,Partially cloudy,partly-cloudy-night,
punjab,2022-11-06T01:00:00,22.3,22.3,13.7,58.22,0,0,,0,0,37.8,14.8,118.3,1014,5,24.1,0,,0,5,Clear,clear-night,
punjab,2022-11-06T02:00:00,21.8,21.8,13.7,60.02,0,0,,0,0,39.2,14.8,129.2,1014,5,24.1,0,,0,5,Clear,clear-night,
punjab,2022-11-06T03:00:00,21.3,21.3,13.8,62.29,0,0,,0,0,38.2,14.4,120.7,1014,4,24.1,0,,0,5,Clear,clear-night,
punjab,2022-11-06T04:00:00,20.8,20.8,13.9,64.65,0,0,,0,0,37.8,13.7,125.6,1014,9.1,24.1,0,,0,5,Clear,clear-night,
punjab,2022-11-06T05:00:00,20.4,20.4,14.1,67.13,0,0,,0,0,36.4,14,111.8,1014,51.3,24.1,0,,0,5,Partially cloudy,partly-cloudy-night,
punjab,2022-11-06T06:00:00,20.1,20.1,14.1,68.39,0,0,,0,0,36.4,14.8,110.8,1014,98.6,24.1,0,,0,5,Overcast,cloudy,
punjab,2022-11-06T07:00:00,19.9,19.9,14.1,69.24,0,0,,0,0,34.6,13,109.9,1015,49.5,24.1,0,,0,5,Partially cloudy,partly-cloudy-day,
punjab,2022-11-06T08:00:00,19.6,19.6,14,70.08,0,0,,0,0,24.1,11.2,66.2,1016,5,24.1,20,0.1,0,5,Clear,clear-day,
punjab,2022-11-06T09:00:00,22.1,22.1,13.9,59.7,0,0,,0,0,30.2,16.9,106.3,1016,2.3,24.1,164,0.6,2,5,Clear,clear-day,
punjab,2022-11-06T10:00:00,25,25,14.4,51.77,0,0,,0,0,28.4,19.1,125.8,1017,3.3,24.1,349,1.3,3,5,Clear,clear-day,
punjab,2022-11-06T11:00:00,27.4,27.4,14.2,44.35,0,0,,0,0,25.6,19.1,126.8,1016,5.5,24.1,506,1.8,5,8,Clear,clear-day,
punjab,2022-11-06T12:00:00,29.4,28.7,13.3,37.24,0,0,,0,0,21.2,18.4,127.9,1015,100,24.1,613,2.2,6,30,Overcast,cloudy,
punjab,2022-11-06T13:00:00,30.3,29.2,11.9,32.26,0,0,,0,0,18.7,16.9,133.1,1014,100,24.1,538,1.9,5,10,Overcast,cloudy,
punjab,2022-11-06T14:00:00,31,29.6,10.8,28.81,0,0,,0,0,16.9,15.1,140.5,1013,100,24.1,510,1.8,5,10,Overcast,cloudy,
punjab,2022-11-06T15:00:00,31.4,29.8,9.9,26.52,0,0,,0,0,15.8,14.4,140.9,1012,100,24.1,440,1.6,4,10,Overcast,cloudy,
punjab,2022-11-06T16:00:00,31.3,29.6,9.5,25.97,0,0,,0,0,14.8,13,143,1012,100,24.1,321,1.2,3,10,Overcast,cloudy,
punjab,2022-11-06T17:00:00,30.1,28.7,10.2,29.15,0,0,,0,0,15.8,10.1,140.6,1012,100,24.1,171,0.6,2,10,Overcast,cloudy,
punjab,2022-11-06T18:00:00,27.4,26.8,10,33.64,0,0,,0,0,10.4,10.4,132,1012,100,24.1,44,0.2,0,10,Overcast,cloudy,
punjab,2022-11-06T19:00:00,26.2,26.2,9.9,35.86,0,0,,0,0,10.8,10.8,132.7,1013,100,24.1,0,,0,10,Overcast,cloudy,
punjab,2022-11-06T20:00:00,25.3,25.3,10.1,38.33,0,0,,0,0,18,12.2,117.8,1013,100,24.1,0,,0,3,Overcast,cloudy,
punjab,2022-11-06T21:00:00,24.6,24.6,10.8,41.88,0,0,,0,0,24.8,13,111.2,1014,100,24.1,0,,0,3,Overcast,cloudy,
punjab,2022-11-06T22:00:00,23.9,23.9,11.7,46.36,0,0,,0,0,28.8,13,111.2,1014,100,24.1,0,,0,3,Overcast,cloudy,
punjab,2022-11-06T23:00:00,23,23,12.6,51.93,0,0,,0,0,30.6,12.6,115.5,1014,100,24.1,0,,0,5,Overcast,cloudy,
punjab,2022-11-07T00:00:00,22.7,22.7,13,54.29,0,0,,0,0,29.9,12.2,117.3,1014,100,24.1,0,,0,5,Overcast,cloudy,
punjab,2022-11-07T01:00:00,22.2,22.2,13.3,57.07,0,0,,0,0,29.9,12.2,122,1014,100,24.1,0,,0,5,Overcast,cloudy,
punjab,2022-11-07T02:00:00,21.9,21.9,13.6,59.27,0,0,,0,0,30.6,12.2,126.5,1013,84.3,24.1,0,,0,5,Partially cloudy,partly-cloudy-night,
punjab,2022-11-07T03:00:00,21.4,21.4,13.7,61.51,0,0,,0,0,31,12.6,131.1,1013,80.8,24.1,0,,0,5,Partially cloudy,partly-cloudy-night,
punjab,2022-11-07T04:00:00,20.9,20.9,13.8,63.84,0,0,,0,0,29.2,11.9,131.7,1013,98.2,24.1,0,,0,5,Overcast,cloudy,
punjab,2022-11-07T05:00:00,20.7,20.7,13.9,65.05,0,0,,0,0,26.6,11.9,124,1013,100,24.1,0,,0,5,Overcast,cloudy,
punjab,2022-11-07T06:00:00,20.4,20.4,13.9,66.27,0,0,,0,0,26.3,12.2,119.2,1013,100,24.1,0,,0,5,Overcast,cloudy,
punjab,2022-11-07T07:00:00,20.2,20.2,13.9,67.09,0,0,,0,0,27,12.2,117.3,1013,100,24.1,0,,0,5,Overcast,cloudy,
punjab,2022-11-07T08:00:00,20.6,20.6,14.1,66.31,0,0,,0,0,27.4,11.9,114.9,1014,100,24.1,18,0.1,0,5,Overcast,cloudy,
punjab,2022-11-07T09:00:00,22.8,22.8,14.1,57.96,0,0,,0,0,20.2,10.4,149.6,1015,100,24.1,125,0.5,1,5,Overcast,cloudy,
punjab,2022-11-07T10:00:00,25.1,25.1,13.7,49.18,0,0,,0,0,18.4,12.2,147.1,1015,100,24.1,283,1,3,3,Overcast,cloudy,
punjab,2022-11-07T11:00:00,27.4,27.2,12.8,40.48,0,0,,0,0,18.7,15.1,139.3,1015,99.2,24.1,424,1.5,4,10,Overcast,cloudy,
punjab,2022-11-07T12:00:00,29.4,28.3,11.1,32.22,0,0,,0,0,16.2,14.8,143.2,1014,100,24.1,528,1.9,5,10,Overcast,cloudy,
punjab,2022-11-07T13:00:00,30.9,29.3,9.3,26.21,0,0,,0,0,13,11.9,157.8,1013,100,24.1,562,2,6,10,Overcast,cloudy,
punjab,2022-11-07T14:00:00,31.3,29.4,7.7,22.99,0,0,,0,0,10.8,8.6,186.7,1013,86.3,24.1,416,1.5,4,10,Partially cloudy,partly-cloudy-day,
punjab,2022-11-07T15:00:00,31.9,29.9,6.5,20.46,0,0,,0,0,9,7.2,191.2,1012,1.5,24.1,491,1.8,5,10,Clear,clear-day,
punjab,2022-11-07T16:00:00,32,29.9,5.8,19.39,0,0,,0,0,9.7,7.2,193.4,1011,4.4,24.1,407,1.5,4,10,Clear,clear-day,
punjab,2022-11-07T17:00:00,30.9,29,6.6,21.81,0,0,,0,0,11.5,8.3,214.2,1011,3,24.1,228,0.8,2,10,Clear,clear-day,
punjab,2022-11-07T18:00:00,27.1,26.3,6.3,26.63,0,0,,0,0,10.1,9.7,206.4,1012,1.4,24.1,52,0.2,0,10,Clear,clear-night,
punjab,2022-11-07T19:00:00,25.6,25.6,6,28.5,0,4.8,,0,0,7.9,7.9,168.5,1012,3.7,24.1,0,,0,10,Clear,clear-night,
punjab,2022-11-07T20:00:00,24.9,24.9,6,29.71,0,4.8,,0,0,7.9,7.6,119.5,1013,1.9,24.1,0,,0,10,Clear,clear-night,
punjab,2022-11-07T21:00:00,24.4,24.4,5.7,29.98,0,4.8,,0,0,7.6,7.6,100.4,1013,1.8,24.1,0,,0,10,Clear,clear-night,
punjab,2022-11-07T22:00:00,23.8,23.8,5.8,31.3,0,4.8,,0,0,7.2,6.8,104.7,1014,0,24.1,0,,0,10,Clear,clear-night,
punjab,2022-11-07T23:00:00,23.1,23.1,6.2,33.56,0,4.8,,0,0,7.6,7.6,112.4,1014,0,24.1,0,,0,10,Clear,clear-night,
punjab,2022-11-08T00:00:00,22.6,22.6,7,36.55,0,4.8,,0,0,8.3,8.3,118.2,1014,0,24.1,0,,0,10,Clear,clear-night,
punjab,2022-11-08T01:00:00,22,22,7.9,40.31,0,0,,0,0,7.6,7.6,119.9,1014,0,24.1,0,,0,10,Clear,clear-night,
punjab,2022-11-08T02:00:00,21.4,21.4,8.5,43.56,0,0,,0,0,6.1,6.1,124.4,1014,0,24.1,0,,0,10,Clear,clear-night,
punjab,2022-11-08T03:00:00,20.8,20.8,8.6,45.5,0,0,,0,0,4,4,112.1,1014,0,24.1,0,,0,10,Clear,clear-night,
punjab,2022-11-08T04:00:00,20.4,20.4,8.7,46.95,0,0,,0,0,4,4,76.4,1013,0,24.1,0,,0,10,Clear,clear-night,
punjab,2022-11-08T05:00:00,19.9,19.9,8.6,48.1,0,0,,0,0,3.6,3.6,83.9,1014,0,24.1,0,,0,10,Clear,clear-night,
punjab,2022-11-08T06:00:00,19.5,19.5,8.4,48.65,0,0,,0,0,3.2,3.2,104.2,1014,0,24.1,0,,0,10,Clear,clear-night,
punjab,2022-11-08T07:00:00,19.3,19.3,8.2,48.59,0,0,,0,0,2.9,2.9,125.6,1015,0,24.1,0,,0,10,Clear,clear-day,
punjab,2022-11-08T08:00:00,20,20,8.6,47.81,0,0,,0,0,2.9,2.9,126.3,1015,0,24.1,18,0.1,0,10,Clear,clear-day,
punjab,2022-11-08T09:00:00,22.6,22.6,8.6,40.76,0,0,,0,0,3.2,3.2,135,1016,0,24.1,162,0.6,2,10,Clear,clear-day,
punjab,2022-11-08T10:00:00,25.1,25.1,8.8,35.55,0,0,,0,0,4.3,4.3,150.2,1016,0,24.1,348,1.3,3,10,Clear,clear-day,
punjab,2022-11-08T11:00:00,27.4,26.7,8.7,30.82,0,0,,0,0,3.6,3.2,145.9,1016,0,24.1,507,1.8,5,10,Clear,clear-day,
punjab,2022-11-08T12:00:00,29.3,27.9,8.2,26.67,0,0,,0,0,1.8,0.7,116.6,1015,0,24.1,616,2.2,6,10,Clear,clear-day,
punjab,2022-11-08T13:00:00,30.6,28.8,7.5,23.6,0,0,,0,0,2.5,1.8,302.1,1014,0,24.1,662,2.4,7,10,Clear,clear-day,
punjab,2022-11-08T14:00:00,31.2,29.3,6.7,21.59,0,0,,0,0,4.3,5,315.4,1013,0,24.1,641,2.3,6,10,Clear,clear-day,
punjab,2022-11-08T15:00:00,31.2,29.2,5.9,20.43,0,0,,0,0,4.7,6.1,320.6,1012,0,24.1,555,2,6,10,Clear,clear-day,
punjab,2022-11-08T16:00:00,31,29,5.2,19.69,0,0,,0,0,5.4,6.5,322.6,1012,0,24.1,411,1.5,4,10,Clear,clear-day,
punjab,2022-11-08T17:00:00,30.3,28.5,6.1,21.81,0,0,,0,0,7.9,6.5,327.9,1011,0,24.1,230,0.8,2,10,Clear,clear-day,
punjab,2022-11-08T18:00:00,26.8,26.1,6.1,26.73,0,0,,0,0,7.9,7.6,338.4,1012,0,24.1,52,0.2,0,10,Clear,clear-night,
punjab,2022-11-08T19:00:00,25.3,25.3,6.4,29.82,0,4.8,,0,0,7.9,7.9,349.3,1012,0,24.1,0,,0,10,Clear,clear-night,
punjab,2022-11-08T20:00:00,24.4,24.4,6.8,32.34,0,4.8,,0,0,7.2,6.8,350.7,1013,0,24.1,0,,0,10,Clear,clear-night,
punjab,2022-11-08T21:00:00,23.6,23.6,6.7,33.7,0,4.8,,0,0,7.2,7.2,337,1014,0,24.1,0,,0,10,Clear,clear-night,
punjab,2022-11-08T22:00:00,22.8,22.8,6.7,35.37,0,4.8,,0,0,8.6,8.3,336.1,1014,0,24.1,0,,0,10,Clear,clear-night,
punjab,2022-11-08T23:00:00,22.1,22.1,7.1,37.94,0,4.8,,0,0,8.6,8.6,347.8,1014,0,24.1,0,,0,10,Clear,clear-night,
punjab,2022-11-09T00:00:00,21.6,21.6,7.5,40.2,0,4.8,,0,0,9.4,9.4,359.3,1014,0,24.1,0,,0,10,Clear,clear-night,
punjab,2022-11-09T01:00:00,21.1,21.1,7.3,40.98,0,14.3,,0,0,9.4,9.2,239.9,1014,0,24.1,0,,0,10,Clear,clear-night,
punjab,2022-11-09T02:00:00,20.6,20.6,7.1,41.78,0,14.3,,0,0,9.4,9.1,120.6,1014,0,24.1,0,,0,10,Clear,clear-night,
punjab,2022-11-09T03:00:00,20.1,20.1,7,42.6,0,14.3,,0,0,9.4,9,1.2,1014,0,24.1,0,,0,10,Clear,clear-night,
punjab,2022-11-09T04:00:00,19.7,19.7,6.9,43.48,0,14.3,,0,0,8.3,7.9,115.8,1014,0.1,24.1,0,,0,10,Clear,clear-night,
punjab,2022-11-09T05:00:00,19.3,19.3,6.9,44.39,0,14.3,,0,0,7.2,6.8,230.5,1014,0.1,24.1,0,,0,10,Clear,clear-night,
punjab,2022-11-09T06:00:00,19,19,6.9,45.31,0,14.3,,0,0,6.1,5.8,345.1,1014,0.2,24.1,0,,0,10,Clear,clear-night,
punjab,2022-11-09T07:00:00,19.8,19.8,7.1,43.62,0,4.8,,0,0,6.5,5.8,349,1014.7,33.5,24.1,17.7,0.1,0,10,Partially cloudy,partly-cloudy-day,
punjab,2022-11-09T08:00:00,20.7,20.7,7.3,42.01,0,4.8,,0,0,6.8,5.8,353,1015.3,66.7,24.1,35.3,0.1,0,10,Partially cloudy,partly-cloudy-day,
punjab,2022-11-09T09:00:00,21.6,21.6,7.6,40.48,0,4.8,,0,0,7.2,5.8,356.9,1016,100,24.1,53,0.2,1,10,Overcast,cloudy,
punjab,2022-11-09T10:00:00,23.6,23.6,7.7,35.95,0,4.8,,0,0,6.8,5.9,347.3,1015.7,100,24.1,184.3,0.7,2,10,Overcast,cloudy,
punjab,2022-11-09T11:00:00,25.7,25.7,7.8,31.99,0,4.8,,0,0,6.5,6,337.7,1015.3,100,24.1,315.7,1.1,3,10,Overcast,cloudy,
punjab,2022-11-09T12:00:00,27.8,26.9,7.9,28.52,0,4.8,,0,0,6.1,6.1,328.1,1015,100,24.1,447,1.6,4,10,Overcast,cloudy,
punjab,2022-11-09T13:00:00,28.6,27.3,6.6,25.02,0,0,,0,0,7.6,7.4,324.1,1014.3,66.7,24.1,495.3,1.8,5,10,Partially cloudy,partly-cloudy-day,
punjab,2022-11-09T14:00:00,29.4,27.8,5.4,21.93,0,0,,0,0,9,8.8,320.1,1013.7,33.3,24.1,543.7,1.9,5,10,Partially cloudy,partly-cloudy-day,
punjab,2022-11-09T15:00:00,30.2,28.3,4.2,19.22,0,0,,0,0,10.4,10.1,316.1,1013,0,24.1,592,2.1,6,10,Clear,clear-day,
punjab,2022-11-09T16:00:00,28.6,27.2,4.1,20.89,0,0,,0,0,9.4,9,212.3,1012.7,1.5,24.1,471.3,1.7,5,10,Clear,clear-day,
punjab,2022-11-09T17:00:00,27,26.2,4,22.73,0,0,,0,0,8.3,7.9,108.5,1012.3,2.9,24.1,350.7,1.2,4,10,Clear,clear-day,
punjab,2022-11-09T18:00:00,25.5,25.5,3.9,24.76,0,0,,0,0,7.2,6.8,4.7,1012,4.4,24.1,230,0.8,0,10,Clear,clear-night,
punjab,2022-11-09T19:00:00,24.5,24.5,4.5,27.3,0,23.8,,0,0,6.7,6.4,19.7,1013,4.4,24.1,153.3,0.6,0,10,Clear,clear-night,
punjab,2022-11-09T20:00:00,23.6,23.6,5.1,30.11,0,23.8,,0,0,6.2,5.9,34.6,1014,4.4,24.1,76.7,0.3,0,10,Clear,clear-night,
punjab,2022-11-09T21:00:00,22.7,22.7,5.7,33.22,0,23.8,,0,0,5.8,5.4,49.6,1015,4.4,24.1,0,,0,10,Clear,clear-night,
punjab,2022-11-09T22:00:00,22.2,22.2,5.9,34.72,0,23.8,,0,0,6.5,6.2,68.3,1015,36.3,24.1,0,,0,10,Partially cloudy,partly-cloudy-night,
punjab,2022-11-09T23:00:00,21.7,21.7,6.1,36.29,0,23.8,,0,0,7.2,7.1,86.9,1015,68.1,24.1,0,,0,10,Partially cloudy,partly-cloudy-night,
punjab,2022-11-10T00:00:00,21.2,21.2,6.3,37.94,0,23.8,,0,0,7.9,7.9,105.6,1015,100,24.1,0,,0,10,Overcast,cloudy,
punjab,2022-11-10T01:00:00,20.9,20.9,6.3,38.75,0,42.9,,0,0,13,9.4,174.5,1015,100,24.1,0,,0,10,Overcast,cloudy,
punjab,2022-11-10T02:00:00,20.6,20.6,6.4,39.57,0,42.9,,0,0,18,10.8,243.4,1015,100,24.1,0,,0,10,Overcast,cloudy,
punjab,2022-11-10T03:00:00,20.4,20.4,6.5,40.41,0,42.9,,0,0,23,12.2,312.3,1015,100,24.1,0,,0,10,Overcast,cloudy,
punjab,2022-11-10T04:00:00,20.1,20.1,7.6,44.59,0,42.9,,0,0,17.5,9.5,321.2,1015.3,99.9,24.1,0,,0,10,Overcast,cloudy,
punjab,2022-11-10T05:00:00,19.8,19.8,8.8,49.17,0,42.9,,0,0,12,6.7,330.2,1015.7,99.9,24.1,0,,0,10,Overcast,cloudy,
punjab,2022-11-10T06:00:00,19.5,19.5,10,54.18,0.1,42.9,rain,0,0,6.5,4,339.1,1016,99.8,24.1,0,,0,10,Overcast,cloudy,
punjab,2022-11-10T07:00:00,20.2,20.2,9.9,51.77,0,23.8,,0,0,11.2,6.5,233.2,1016.3,71.4,24.1,15.7,0.1,0,10,Partially cloudy,partly-cloudy-day,
punjab,2022-11-10T08:00:00,20.9,20.9,9.9,49.47,0,23.8,,0,0,15.8,9,127.4,1016.7,42.9,24.1,31.3,0.1,0,10,Partially cloudy,partly-cloudy-day,
punjab,2022-11-10T09:00:00,21.6,21.6,9.9,47.28,0,23.8,,0,0,20.5,11.5,21.5,1017,14.5,24.1,47,0.2,0,10,Clear,clear-day,
punjab,2022-11-10T10:00:00,23.7,23.7,9.1,39.37,0,23.8,,0,0,15.8,8.8,114.3,1017,11.3,24.1,189,0.7,2,10,Clear,clear-day,
punjab,2022-11-10T11:00:00,25.8,25.8,8.3,32.83,0,23.8,,0,0,11.2,6,207.1,1017,8.2,24.1,331,1.2,3,10,Clear,clear-day,
punjab,2022-11-10T12:00:00,28,26.9,7.5,27.43,0,23.8,,0,0,6.5,3.2,299.9,1017,5,24.1,473,1.7,5,10,Clear,clear-day,
punjab,2022-11-10T13:00:00,28.2,27.1,7.5,27,0,14.3,,0,0,7.8,5.8,291.4,1016,5.7,24.1,514.7,1.9,5,10,Clear,clear-day,
punjab,2022-11-10T14:00:00,28.5,27.3,7.5,26.59,0,14.3,,0,0,9.1,8.3,282.8,1015,6.5,24.1,556.3,2,6,10,Clear,clear-day,
punjab,2022-11-10T15:00:00,28.8,27.5,7.5,26.18,0,14.3,,0,0,10.4,10.8,274.3,1014,7.1,24.1,598,2.2,6,10,Clear,clear-day,
punjab,2022-11-10T16:00:00,27.4,26.6,7.7,28.81,0,14.3,,0,0,10.7,10.6,278.5,1014,4.9,24.1,472,1.7,5,10,Clear,clear-day,
punjab,2022-11-10T17:00:00,26.1,26.1,8,31.74,0,14.3,,0,0,10.9,10.3,282.6,1014,2.7,24.1,346,1.3,3,10,Clear,clear-day,
punjab,2022-11-10T18:00:00,24.8,24.8,8.3,34.98,0,14.3,,0,0,11.2,10.1,286.8,1014,0.5,24.1,220,0.8,0,10,Clear,clear-night,
punjab,2022-11-10T19:00:00,23.8,23.8,8.6,38.08,0,28.6,,0,0,13.3,10.3,306.4,1015,0.3,24.1,146.7,0.5,0,10,Clear,clear-night,
punjab,2022-11-10T20:00:00,22.8,22.8,9,41.46,0,28.6,,0,0,15.5,10.6,326,1016,0.2,24.1,73.3,0.3,0,10,Clear,clear-night,
punjab,2022-11-10T21:00:00,21.8,21.8,9.4,45.17,0,28.6,,0,0,17.6,10.8,345.6,1017,0,24.1,0,,0,10,Clear,clear-night,
punjab,2022-11-10T22:00:00,21,21,9.5,47.78,0,28.6,,0,0,16,10.4,342.5,1017,0,24.1,0,,0,10,Clear,clear-night,
punjab,2022-11-10T23:00:00,20.3,20.3,9.7,50.55,0,28.6,,0,0,14.3,10.1,339.4,1017,0,24.1,0,,0,10,Clear,clear-night,
punjab,2022-11-11T00:00:00,19.6,19.6,9.9,53.49,0,28.6,,0,0,12.6,9.7,336.3,1017,0,24.1,0,,0,10,Clear,clear-night,
punjab,2022-11-11T01:00:00,19.1,19.1,9.7,54.57,0,23.8,,0,0,14.4,10,332.6,1016.7,0,24.1,0,,0,10,Clear,clear-night,
punjab,2022-11-11T02:00:00,18.6,18.6,9.6,55.69,0,23.8,,0,0,16.2,10.2,329,1016.3,0,24.1,0,,0,10,Clear,clear-night,
punjab,2022-11-11T03:00:00,18.2,18.2,9.5,56.83,0,23.8,,0,0,18,10.4,325.3,1016,0,24.1,0,,0,10,Clear,clear-night,
punjab,2022-11-11T04:00:00,17.7,17.7,9.3,57.88,0,23.8,,0,0,16.6,10.2,323.7,1016,0,24.1,0,,0,10,Clear,clear-night,
punjab,2022-11-11T05:00:00,17.3,17.3,9.2,58.95,0,23.8,,0,0,15.1,10,322.1,1016,0,24.1,0,,0,10,Clear,clear-night,
punjab,2022-11-11T06:00:00,16.9,16.9,9.1,60.05,0,23.8,,0,0,13.7,9.7,320.5,1016,0,24.1,0,,0,10,Clear,clear-night,
punjab,2022-11-11T07:00:00,17.6,17.6,9,57.08,0,0,,0,0,14.2,9.8,319.6,1016.7,0,24.1,18.7,0.1,0,10,Clear,clear-day,
punjab,2022-11-11T08:00:00,18.4,18.4,9,54.27,0,0,,0,0,14.6,10,318.6,1017.3,0,24.1,37.3,0.1,0,10,Clear,clear-day,
punjab,2022-11-11T09:00:00,19.2,19.2,9,51.62,0,0,,0,0,15.1,10.1,317.7,1018,0,24.1,56,0.2,1,10,Clear,clear-day,
punjab,2022-11-11T10:00:00,21.1,21.1,9,46.01,0,0,,0,0,13.9,10.6,317.7,1017.7,0,24.1,197.7,0.7,2,10,Clear,clear-day,
punjab,2022-11-11T11:00:00,23,23,9.1,41.08,0,0,,0,0,12.7,11,317.8,1017.3,0,24.1,339.3,1.2,3,10,Clear,clear-day,
punjab,2022-11-11T12:00:00,25,25,9.2,36.74,0,0,,0,0,11.5,11.5,317.8,1017,0,24.1,481,1.7,5,10,Clear,clear-day,
punjab,2022-11-11T13:00:00,25.7,25.7,8.1,32.66,0,0,,0,0,11.8,11.4,314.7,1016,0,24.1,524,1.9,5,10,Clear,clear-day,
punjab,2022-11-11T14:00:00,26.5,26.5,7,29.02,0,0,,0,0,12,11.3,311.6,1015,0,24.1,567,2,6,10,Clear,clear-day,
punjab,2022-11-11T15:00:00,27.3,26.4,6,25.78,0,0,,0,0,12.2,11.2,308.5,1014,0,24.1,610,2.2,6,10,Clear,clear-day,
punjab,2022-11-11T16:00:00,25.9,25.9,5.7,27.43,0,0,,0,0,11.3,10.6,309.7,1014,0,24.1,481.7,1.7,5,10,Clear,clear-day,
punjab,2022-11-11T17:00:00,24.5,24.5,5.4,29.21,0,0,,0,0,10.3,10,311,1014,0,24.1,353.3,1.3,4,10,Clear,clear-day,
punjab,2022-11-11T18:00:00,23.2,23.2,5.2,31.13,0,0,,0,0,9.4,9.4,312.2,1014,0,24.1,225,0.8,0,10,Clear,clear-night,
punjab,2022-11-11T19:00:00,22.2,22.2,5.2,33.01,0,0,,0,0,9.7,9.7,317.3,1014.7,0,24.1,150,0.5,0,10,Clear,clear-night,
punjab,2022-11-11T20:00:00,21.2,21.2,5.2,35.02,0,0,,0,0,10.1,10.1,322.4,1015.3,0,24.1,75,0.3,0,10,Clear,clear-night,
punjab,2022-11-11T21:00:00,20.3,20.3,5.2,37.16,0,0,,0,0,10.4,10.4,327.5,1016,0,24.1,0,,0,10,Clear,clear-night,
punjab,2022-11-11T22:00:00,19.7,19.7,5.3,38.85,0,0,,0,0,9.8,9.8,333.4,1016,0,24.1,0,,0,10,Clear,clear-night,
punjab,2022-11-11T23:00:00,19.1,19.1,5.4,40.62,0,0,,0,0,9.2,9.2,339.2,1016,0,24.1,0,,0,10,Clear,clear-night,
punjab,2022-11-12T00:00:00,18.6,18.6,5.6,42.47,0,0,,0,0,8.6,8.6,345.1,1016,0,24.1,0,,0,10,Clear,clear-night,
punjab,2022-11-12T01:00:00,18,18,5.9,44.84,0,0,,0,0,8.5,8.5,341.4,1015.7,0,24.1,0,,0,10,Clear,clear-night,
punjab,2022-11-12T02:00:00,17.5,17.5,6.2,47.34,0,0,,0,0,8.4,8.4,337.6,1015.3,0,24.1,0,,0,10,Clear,clear-night,
punjab,2022-11-12T03:00:00,17,17,6.5,49.99,0,0,,0,0,8.3,8.3,333.9,1015,0,24.1,0,,0,10,Clear,clear-night,
punjab,2022-11-12T04:00:00,16.7,16.7,6.5,51.18,0,0,,0,0,8.3,8.3,328.6,1015,0,24.1,0,,0,10,Clear,clear-night,
punjab,2022-11-12T05:00:00,16.4,16.4,6.6,52.41,0,0,,0,0,8.3,8.3,323.2,1015,0,24.1,0,,0,10,Clear,clear-night,
punjab,2022-11-12T06:00:00,16.1,16.1,6.7,53.66,0,0,,0,0,8.3,8.3,317.9,1015,0,24.1,0,,0,10,Clear,clear-night,
punjab,2022-11-12T07:00:00,16.9,16.9,6.8,51.25,0,0,,0,0,9.1,7.9,317.9,1015.3,0,24.1,18.7,0.1,0,10,Clear,clear-day,
punjab,2022-11-12T08:00:00,17.8,17.8,6.9,48.97,0,0,,0,0,10,7.6,317.9,1015.7,0,24.1,37.3,0.1,0,10,Clear,clear-day,
punjab,2022-11-12T09:00:00,18.7,18.7,7.1,46.8,0,0,,0,0,10.8,7.2,317.9,1016,0,24.1,56,0.2,1,10,Clear,clear-day,
punjab,2022-11-12T10:00:00,20.6,20.6,7,41.23,0,0,,0,0,11.4,8.5,313.7,1016,0,24.1,198.3,0.7,2,10,Clear,clear-day,
punjab,2022-11-12T11:00:00,22.6,22.6,6.9,36.39,0,0,,0,0,12,9.8,309.5,1016,0,24.1,340.7,1.2,3,10,Clear,clear-day,
punjab,2022-11-12T12:00:00,24.6,24.6,6.9,32.18,0,0,,0,0,12.6,11.2,305.3,1016,0,24.1,483,1.7,5,10,Clear,clear-day,
punjab,2022-11-12T13:00:00,25.3,25.3,6.1,29.28,0,0,,0,0,14.9,12.7,313.5,1015,0,24.1,526.3,1.9,5,10,Clear,clear-day,
punjab,2022-11-12T14:00:00,26,26,5.3,26.63,0,0,,0,0,17.2,14.3,321.8,1014,0,24.1,569.7,2,6,10,Clear,clear-day,
punjab,2022-11-12T15:00:00,26.7,26.7,4.6,24.23,0,0,,0,0,19.4,15.8,330,1013,0,24.1,613,2.2,6,10,Clear,clear-day,
punjab,2022-11-12T16:00:00,25.2,25.2,4.6,26.55,0,0,,0,0,15.8,13.3,338.1,1012.7,0,24.1,484,1.7,5,10,Clear,clear-day,
punjab,2022-11-12T17:00:00,23.7,23.7,4.7,29.12,0,0,,0,0,12.2,10.8,346.1,1012.3,0,24.1,355,1.3,4,10,Clear,clear-day,
punjab,2022-11-12T18:00:00,22.3,22.3,4.8,31.97,0,0,,0,0,8.6,8.3,354.2,1012,0,24.1,226,0.8,0,10,Clear,clear-night,
punjab,2022-11-12T19:00:00,21.3,21.3,4.9,34.32,0,0,,0,0,8.3,7.9,346.6,1013,0,24.1,150.7,0.5,0,10,Clear,clear-night,
punjab,2022-11-12T20:00:00,20.4,20.4,5.2,36.86,0,0,,0,0,7.9,7.6,339,1014,0,24.1,75.3,0.3,0,10,Clear,clear-night,
punjab,2022-11-12T21:00:00,19.5,19.5,5.4,39.6,0,0,,0,0,7.6,7.2,331.4,1015,0,24.1,0,,0,10,Clear,clear-night,
punjab,2022-11-12T22:00:00,18.9,18.9,5.3,40.93,0,0,,0,0,8.5,8.3,339.5,1015,0,24.1,0,,0,10,Clear,clear-night,
punjab,2022-11-12T23:00:00,18.3,18.3,5.3,42.31,0,0,,0,0,9.5,9.4,347.7,1015,0,24.1,0,,0,10,Clear,clear-night,
punjab,2022-11-13T00:00:00,17.8,17.8,5.3,43.74,0,0,,0,0,10.4,10.4,355.8,1015,0,24.1,0,,0,10,Clear,clear-night,
punjab,2022-11-13T01:00:00,17.2,17.2,5,44.51,0,0,,0,0,10.1,10.2,351.2,1014.7,0.3,24.1,0,,0,10,Clear,clear-night,
punjab,2022-11-13T02:00:00,16.7,16.7,4.8,45.3,0,0,,0,0,9.7,10,346.5,1014.3,0.6,24.1,0,,0,10,Clear,clear-night,
punjab,2022-11-13T03:00:00,16.2,16.2,4.6,46.1,0,0,,0,0,9.4,9.7,341.9,1014,0.9,24.1,0,,0,10,Clear,clear-night,
punjab,2022-11-13T04:00:00,15.8,15.8,4.4,46.75,0,0,,0,0,9.4,9.6,334.9,1014,0.6,24.1,0,,0,10,Clear,clear-night,
punjab,2022-11-13T05:00:00,15.4,15.4,4.2,47.4,0,0,,0,0,9.4,9.5,328,1014,0.3,24.1,0,,0,10,Clear,clear-night,
punjab,2022-11-13T06:00:00,15,15,4.1,48.07,0,0,,0,0,9.4,9.4,321,1014,0,24.1,0,,0,10,Clear,clear-night,
punjab,2022-11-13T07:00:00,15.9,15.9,4.1,45.49,0,0,,0,0,10.1,8.9,321.6,1014.3,0.7,24.1,18.7,0.1,0,10,Clear,clear-day,
punjab,2022-11-13T08:00:00,16.8,16.8,4.2,43.07,0,0,,0,0,10.8,8.4,322.1,1014.7,1.4,24.1,37.3,0.1,0,10,Clear,clear-day,
punjab,2022-11-13T09:00:00,17.8,17.8,4.3,40.79,0,0,,0,0,11.5,7.9,322.7,1015,2.1,24.1,56,0.2,1,10,Clear,clear-day,
punjab,2022-11-13T10:00:00,20.2,20.2,3.9,34.08,0,0,,0,0,13.1,9.5,320.5,1015,17,24.1,197,0.7,2,10,Clear,clear-day,
punjab,2022-11-13T11:00:00,22.7,22.7,3.5,28.56,0,0,,0,0,14.6,11,318.4,1015,31.9,24.1,338,1.2,3,10,Partially cloudy,partly-cloudy-day,
punjab,2022-11-13T12:00:00,25.2,25.2,3.2,24,0,0,,0,0,16.2,12.6,316.2,1015,46.8,24.1,479,1.7,5,10,Partially cloudy,partly-cloudy-day,
punjab,2022-11-13T13:00:00,25.9,25.9,2.7,22.23,0,0,,0,0,17,13.6,318.1,1014,31.2,24.1,523,1.9,5,10,Partially cloudy,partly-cloudy-day,
punjab,2022-11-13T14:00:00,26.7,25.9,2.3,20.61,0,0,,0,0,17.9,14.5,319.9,1013,15.6,24.1,567,2,6,10,Clear,clear-day,
punjab,2022-11-13T15:00:00,27.5,26.4,1.9,19.1,0,0,,0,0,18.7,15.5,321.8,1012,0,24.1,611,2.2,6,10,Clear,clear-day,
punjab,2022-11-13T16:00:00,25.9,25.9,1.8,20.89,0,0,,0,0,16,13.7,324.1,1012,0,24.1,482.3,1.7,5,10,Clear,clear-day,
punjab,2022-11-13T17:00:00,24.3,24.3,1.7,22.87,0,0,,0,0,13.2,11.9,326.4,1012,0,24.1,353.7,1.3,4,10,Clear,clear-day,
punjab,2022-11-13T18:00:00,22.7,22.7,1.7,25.07,0,0,,0,0,10.4,10.1,328.7,1012,0,24.1,225,0.8,0,10,Clear,clear-night,
punjab,2022-11-13T19:00:00,21.5,21.5,1.7,26.86,0,0,,0,0,10,9.7,338.2,1012.7,0,24.1,150,0.5,0,10,Clear,clear-night,
punjab,2022-11-13T20:00:00,20.4,20.4,1.7,28.8,0,0,,0,0,9.5,9.4,347.6,1013.3,0,24.1,75,0.3,0,10,Clear,clear-night,
punjab,2022-11-13T21:00:00,19.3,19.3,1.7,30.89,0,0,,0,0,9,9,357.1,1014,0,24.1,0,,0,10,Clear,clear-night,
punjab,2022-11-13T22:00:00,18.7,18.7,1.8,32.17,0,0,,0,0,8.9,8.9,353.1,1014,0,24.1,0,,0,10,Clear,clear-night,
punjab,2022-11-13T23:00:00,18.2,18.2,1.9,33.5,0,0,,0,0,8.8,8.8,349,1014,0,24.1,0,,0,10,Clear,clear-night,
punjab,2022-11-14T00:00:00,17.7,17.7,2,34.89,0,0,,0,0,8.6,8.6,345,1014,0,24.1,0,,0,10,Clear,clear-night,
punjab,2022-11-14T01:00:00,17.2,17.2,1.8,35.35,0,0,,0,0,8.9,8.8,343.2,1014,0,24.1,0,,0,10,Clear,clear-night,
punjab,2022-11-14T02:00:00,16.8,16.8,1.6,35.82,0,0,,0,0,9.1,8.9,341.3,1014,0,24.1,0,,0,10,Clear,clear-night,
punjab,2022-11-14T03:00:00,16.4,16.4,1.4,36.29,0,0,,0,0,9.4,9,339.5,1014,0,24.1,0,,0,10,Clear,clear-night,
punjab,2022-11-14T04:00:00,16.1,16.1,1.2,36.48,0,0,,0,0,9.7,9.5,337.9,1013.7,0,24.1,0,,0,10,Clear,clear-night,
punjab,2022-11-14T05:00:00,15.9,15.9,1.1,36.68,0,0,,0,0,10.1,10,336.4,1013.3,0,24.1,0,,0,10,Clear,clear-night,
punjab,2022-11-14T06:00:00,15.7,15.7,1,36.87,0,0,,0,0,10.4,10.4,334.8,1013,0,24.1,0,,0,10,Clear,clear-night,
punjab,2022-11-14T07:00:00,16.7,16.7,1.2,35.18,0,0,,0,0,12.4,10.3,334.4,1013.7,0,24.1,17.7,0.1,0,10,Clear,clear-day,
punjab,2022-11-14T08:00:00,17.7,17.7,1.4,33.58,0,0,,0,0,14.3,10.2,334.1,1014.3,0,24.1,35.3,0.1,0,10,Clear,clear-day,
punjab,2022-11-14T09:00:00,18.7,18.7,1.7,32.07,0,0,,0,0,16.2,10.1,333.7,1015,0,24.1,53,0.2,1,10,Clear,clear-day,
punjab,2022-11-14T10:00:00,21.3,21.3,0.9,25.84,0,0,,0,0,16.7,11.2,325.9,1015,0,24.1,192.7,0.7,2,10,Clear,clear-day,
punjab,2022-11-14T11:00:00,23.9,23.9,0.1,20.88,0,0,,0,0,17.2,12.2,318.1,1015,0,24.1,332.3,1.2,3,10,Clear,clear-day,
punjab,2022-11-14T12:00:00,26.5,26.5,-0.6,16.91,0,0,,0,0,17.6,13.3,310.3,1015,0,24.1,472,1.7,5,10,Clear,clear-day,
punjab,2022-11-14T13:00:00,27.3,26.2,0.1,17.02,0,0,,0,0,19.2,14.6,313.1,1014,0,24.1,513.3,1.8,5,10,Clear,clear-day,
punjab,2022-11-14T14:00:00,28.1,26.7,0.8,17.12,0,0,,0,0,20.8,16,316,1013,0,24.1,554.7,2,6,10,Clear,clear-day,
punjab,2022-11-14T15:00:00,28.9,27.3,1.6,17.23,0,0,,0,0,22.3,17.3,318.8,1012,0,24.1,596,2.1,6,10,Clear,clear-day,
punjab,2022-11-14T16:00:00,27.3,26.3,2,19.43,0,0,,0,0,18.5,15.1,325.5,1012,0,24.1,469,1.7,5,10,Clear,clear-day,
punjab,2022-11-14T17:00:00,25.8,25.8,2.4,21.94,0,0,,0,0,14.6,13,332.3,1012,0,24.1,342,1.2,3,10,Clear,clear-day,
punjab,2022-11-14T18:00:00,24.3,24.3,2.9,24.79,0,0,,0,0,10.8,10.8,339,1012,0,24.1,215,0.8,0,10,Clear,clear-night,
punjab,2022-11-14T19:00:00,23.1,23.1,2.6,26.03,0,0,,0,0,10.6,10.4,227.6,1012.7,0,24.1,143.3,0.5,0,10,Clear,clear-night,
punjab,2022-11-14T20:00:00,21.9,21.9,2.3,27.36,0,0,,0,0,10.3,10.1,116.2,1013.3,0,24.1,71.7,0.3,0,10,Clear,clear-night,
punjab,2022-11-14T21:00:00,20.8,20.8,2,28.76,0,0,,0,0,10.1,9.7,4.8,1014,0,24.1,0,,0,10,Clear,clear-night,
punjab,2022-11-14T22:00:00,20.2,20.2,2.2,30.29,0,0,,0,0,11.3,10.1,122.8,1014,0,24.1,0,,0,10,Clear,clear-night,
punjab,2022-11-14T23:00:00,19.7,19.7,2.5,31.91,0,0,,0,0,12.5,10.4,240.7,1014,0,24.1,0,,0,10,Clear,clear-night,
punjab,2022-11-15T00:00:00,19.2,19.2,2.8,33.62,0,0,,0,0,13.7,10.8,358.7,1014,0,24.1,0,,0,10,Clear,clear-night,
punjab,2022-11-15T01:00:00,18.9,18.9,2.9,34.58,0,0,,0,0,13,10.7,353.2,1013.7,1.7,24.1,0,,0,10,Clear,clear-night,
punjab,2022-11-15T02:00:00,18.6,18.6,3,35.57,0,0,,0,0,12.2,10.6,347.7,1013.3,3.3,24.1,0,,0,10,Clear,clear-night,
punjab,2022-11-15T03:00:00,18.3,18.3,3.2,36.59,0,0,,0,0,11.5,10.4,342.2,1013,5,24.1,0,,0,10,Clear,clear-night,
punjab,2022-11-15T04:00:00,17.9,17.9,3.2,37.61,0,0,,0,0,11.4,10.3,336.1,1013,3.3,24.1,0,,0,10,Clear,clear-night,
punjab,2022-11-15T05:00:00,17.5,17.5,3.3,38.68,0,0,,0,0,11.3,10.2,330,1013,1.7,24.1,0,,0,10,Clear,clear-night,
punjab,2022-11-15T06:00:00,17.2,17.2,3.4,39.77,0,0,,0,0,11.2,10.1,323.9,1013,0,24.1,0,,0,10,Clear,clear-night,
punjab,2022-11-15T07:00:00,18.1,18.1,3.7,38.48,0,0,,0,0,12.4,9.8,320.7,1013.7,1.7,24.1,17,0.1,0,10,Clear,clear-day,
punjab,2022-11-15T08:00:00,19,19,4.1,37.24,0,0,,0,0,13.6,9.6,317.4,1014.3,3.3,24.1,34,0.1,0,10,Clear,clear-day,
punjab,2022-11-15T09:00:00,20,20,4.5,36.06,0,0,,0,0,14.8,9.4,314.2,1015,4.8,24.1,51,0.2,1,10,Clear,clear-day,
punjab,2022-11-15T10:00:00,22.4,22.4,4.5,31.06,0,0,,0,0,15.1,10.4,315.2,1014.7,15.3,24.1,188.3,0.7,2,10,Clear,clear-day,
punjab,2022-11-15T11:00:00,24.9,24.9,4.5,26.84,0,0,,0,0,15.5,11.5,316.3,1014.3,25.7,24.1,325.7,1.2,3,10,Partially cloudy,partly-cloudy-day,
punjab,2022-11-15T12:00:00,27.4,26.4,4.6,23.25,0,0,,0,0,15.8,12.6,317.3,1014,36.2,24.1,463,1.7,5,10,Partially cloudy,partly-cloudy-day,
punjab,2022-11-15T13:00:00,28,26.8,4.8,22.72,0,0,,0,0,15.5,12.8,319,1013,47.1,24.1,499.7,1.8,5,10,Partially cloudy,partly-cloudy-day,
punjab,2022-11-15T14:00:00,28.6,27.2,5,22.21,0,0,,0,0,15.1,13.1,320.6,1012,58.1,24.1,536.3,2,5,10,Partially cloudy,partly-cloudy-day,
punjab,2022-11-15T15:00:00,29.3,27.7,5.2,21.71,0,0,,0,0,14.8,13.3,322.3,1011,69,24.1,573,2.1,6,10,Partially cloudy,partly-cloudy-day,
punjab,2022-11-15T16:00:00,27.8,26.7,5.3,23.85,0,0,,0,0,12.5,11.4,321.1,1010.7,47.5,24.1,439.7,1.6,4,10,Partially cloudy,partly-cloudy-day,
punjab,2022-11-15T17:00:00,26.3,26.3,5.4,26.23,0,0,,0,0,10.2,9.5,319.8,1010.3,26.1,24.1,306.3,1.1,3,10,Partially cloudy,partly-cloudy-day,
punjab,2022-11-15T18:00:00,24.8,24.8,5.5,28.87,0,0,,0,0,7.9,7.6,318.6,1010,4.6,24.1,173,0.6,0,10,Clear,clear-night,
punjab,2022-11-15T19:00:00,23.7,23.7,5.3,30.41,0,0,,0,0,8.5,8.3,324.6,1010.7,3.1,24.1,115.3,0.4,0,10,Clear,clear-night,
punjab,2022-11-15T20:00:00,22.6,22.6,5.1,32.06,0,0,,0,0,9.1,9,330.6,1011.3,1.5,24.1,57.7,0.2,0,10,Clear,clear-night,
punjab,2022-11-15T21:00:00,21.5,21.5,4.9,33.81,0,0,,0,0,9.7,9.7,336.6,1012,0,24.1,0,,0,10,Clear,clear-night,
punjab,2022-11-15T22:00:00,20.8,20.8,5.2,36.2,0,0,,0,0,9.6,9.5,225,1012,0,24.1,0,,0,10,Clear,clear-night,
punjab,2022-11-15T23:00:00,20.1,20.1,5.6,38.78,0,0,,0,0,9.5,9.2,113.3,1012,0,24.1,0,,0,10,Clear,clear-night,
punjab,2022-11-16T00:00:00,19.4,19.4,6,41.54,0,0,,0,0,9.4,9,1.7,1012,0,24.1,0,,0,10,Clear,clear-night,
punjab,2022-11-16T01:00:00,18.9,18.9,6.2,43.36,0,4.8,,0,0,9.1,8.8,112.2,1011.7,0,24.1,0,,0,10,Clear,clear-night,
punjab,2022-11-16T02:00:00,18.4,18.4,6.4,45.26,0,4.8,,0,0,8.9,8.5,222.6,1011.3,0,24.1,0,,0,10,Clear,clear-night,
punjab,2022-11-16T03:00:00,18,18,6.6,47.25,0,4.8,,0,0,8.6,8.3,333.1,1011,0,24.1,0,,0,10,Clear,clear-night,
punjab,2022-11-16T04:00:00,17.6,17.6,6.7,48.81,0,4.8,,0,0,8.2,7.9,331.4,1011,0,24.1,0,,0,10,Clear,clear-night,
punjab,2022-11-16T05:00:00,17.3,17.3,6.9,50.42,0,4.8,,0,0,7.7,7.6,329.6,1011,0,24.1,0,,0,10,Clear,clear-night,
punjab,2022-11-16T06:00:00,17,17,7.1,52.09,0,4.8,,0,0,7.2,7.2,327.9,1011,0,24.1,0,,0,10,Clear,clear-night,
punjab,2022-11-16T07:00:00,17.8,17.8,7.2,49.88,0,0,,0,0,7.1,6.6,333.5,1011.7,0,24.1,17,0.1,0,10,Clear,clear-day,
punjab,2022-11-16T08:00:00,18.7,18.7,7.4,47.78,0,0,,0,0,7,6,339,1012.3,0,24.1,34,0.1,0,10,Clear,clear-day,
punjab,2022-11-16T09:00:00,19.6,19.6,7.6,45.79,0,0,,0,0,6.8,5.4,344.6,1013,0,24.1,51,0.2,1,10,Clear,clear-day,
punjab,2022-11-16T10:00:00,21.8,21.8,7.1,38.57,0,0,,0,0,6.8,5.8,334.1,1013,0,24.1,190.7,0.7,2,10,Clear,clear-day,
punjab,2022-11-16T11:00:00,24.1,24.1,6.6,32.57,0,0,,0,0,6.8,6.1,323.6,1013,0,24.1,330.3,1.2,3,10,Clear,clear-day,
punjab,2022-11-16T12:00:00,26.4,26.4,6.2,27.56,0,0,,0,0,6.8,6.5,313.1,1013,0,24.1,470,1.7,5,10,Clear,clear-day,
punjab,2022-11-16T13:00:00,27.1,26.2,4.9,24.16,0,0,,0,0,7,7.2,309.1,1012,0,24.1,513.3,1.9,5,10,Clear,clear-day,
punjab,2022-11-16T14:00:00,27.8,26.6,3.6,21.17,0,0,,0,0,7.1,7.9,305.1,1011,0,24.1,556.7,2,6,10,Clear,clear-day,
punjab,2022-11-16T15:00:00,28.5,27,2.3,18.54,0,0,,0,0,7.2,8.6,301.1,1010,0,24.1,600,2.2,6,10,Clear,clear-day,
punjab,2022-11-16T16:00:00,26.9,26,2.3,20.41,0,0,,0,0,7.1,8,316.9,1010,0,24.1,472.3,1.7,5,10,Clear,clear-day,
punjab,2022-11-16T17:00:00,25.3,25.3,2.4,22.5,0,0,,0,0,7,7.4,332.8,1010,0,24.1,344.7,1.3,3,10,Clear,clear-day,
punjab,2022-11-16T18:00:00,23.8,23.8,2.5,24.83,0,0,,0,0,6.8,6.8,348.6,1010,0,24.1,217,0.8,0,10,Clear,clear-night,
punjab,2022-11-16T19:00:00,22.9,22.9,3,27.05,0,0,,0,0,6.5,6.5,244.4,1010.7,0,24.1,144.7,0.5,0,10,Clear,clear-night,
punjab,2022-11-16T20:00:00,22.1,22.1,3.5,29.48,0,0,,0,0,6.1,6.1,140.1,1011.3,0,24.1,72.3,0.3,0,10,Clear,clear-night,
punjab,2022-11-16T21:00:00,21.3,21.3,4,32.13,0,0,,0,0,5.8,5.8,35.9,1012,0,24.1,0,,0,10,Clear,clear-night,
punjab,2022-11-16T22:00:00,20.6,20.6,4.4,34.43,0,0,,0,0,6,6,41.3,1012,0,24.1,0,,0,10,Clear,clear-night,
punjab,2022-11-16T23:00:00,19.9,19.9,4.8,36.9,0,0,,0,0,6.2,6.2,46.6,1012,0,24.1,0,,0,10,Clear,clear-night,
punjab,2022-11-17T00:00:00,19.3,19.3,5.2,39.54,0,0,,0,0,6.5,6.5,52,1012,0,24.1,0,,0,10,Clear,clear-night,
punjab,2022-11-17T01:00:00,18.8,18.8,5.5,41.85,0,9.5,,0,0,5.8,5.8,51.1,1012,0,24.1,0,,0,10,Clear,clear-night,
punjab,2022-11-17T02:00:00,18.3,18.3,5.9,44.29,0,9.5,,0,0,5,5,50.2,1012,0,24.1,0,,0,10,Clear,clear-night,
punjab,2022-11-17T03:00:00,17.8,17.8,6.3,46.87,0,9.5,,0,0,4.3,4.3,49.3,1012,0,24.1,0,,0,10,Clear,clear-night,
punjab,2022-11-17T04:00:00,17.4,17.4,6.3,48.19,0,9.5,,0,0,4,4,52.8,1012,0,24.1,0,,0,10,Clear,clear-night,
punjab,2022-11-17T05:00:00,17,17,6.4,49.55,0,9.5,,0,0,3.6,3.6,56.3,1012,0,24.1,0,,0,10,Clear,clear-night,
punjab,2022-11-17T06:00:00,16.7,16.7,6.5,50.95,0,9.5,,0,0,3.2,3.2,59.8,1012,0,24.1,0,,0,10,Clear,clear-night,
punjab,2022-11-17T07:00:00,17.6,17.6,6.6,48.26,0,0,,0,0,4,3.8,76.4,1013,0,24.1,16.3,0.1,0,10,Clear,clear-day,
punjab,2022-11-17T08:00:00,18.6,18.6,6.7,45.73,0,0,,0,0,4.7,4.4,92.9,1014,0,24.1,32.7,0.1,0,10,Clear,clear-day,
punjab,2022-11-17T09:00:00,19.6,19.6,6.8,43.35,0,0,,0,0,5.4,5,109.5,1015,0,24.1,49,0.2,0,10,Clear,clear-day,
punjab,2022-11-17T10:00:00,21.9,21.9,6.6,37.04,0,0,,0,0,4.7,4.8,103.9,1015,0,24.1,186,0.7,2,10,Clear,clear-day,
punjab,2022-11-17T11:00:00,24.3,24.3,6.4,31.74,0,0,,0,0,4,4.6,98.3,1015,0,24.1,323,1.2,3,10,Clear,clear-day,
punjab,2022-11-17T12:00:00,26.7,26.7,6.3,27.26,0,0,,0,0,3.2,4.3,92.7,1015,0,24.1,460,1.7,5,10,Clear,clear-day,
punjab,2022-11-17T13:00:00,27.3,26.4,5.8,25.48,0,0,,0,0,4.8,5.3,173,1014,0,24.1,503.3,1.8,5,10,Clear,clear-day,
punjab,2022-11-17T14:00:00,27.9,26.7,5.3,23.82,0,0,,0,0,6.4,6.2,253.3,1013,0,24.1,546.7,2,5,10,Clear,clear-day,
punjab,2022-11-17T15:00:00,28.5,27.1,4.9,22.27,0,0,,0,0,7.9,7.2,333.6,1012,0,24.1,590,2.1,6,10,Clear,clear-day,
punjab,2022-11-17T16:00:00,27,26.2,4.9,24.36,0,0,,0,0,8.3,7.8,338.6,1012,0,24.1,464.3,1.7,5,10,Clear,clear-day,
punjab,2022-11-17T17:00:00,25.5,25.5,4.9,26.68,0,0,,0,0,8.6,8.4,343.6,1012,0,24.1,338.7,1.2,3,10,Clear,clear-day,
punjab,2022-11-17T18:00:00,24,24,5,29.25,0,0,,0,0,9,9,348.6,1012,0,24.1,213,0.8,0,10,Clear,clear-night,
punjab,2022-11-17T19:00:00,23,23,5,31.01,0,0,,0,0,8.2,8.2,241.1,1012.7,0,24.1,142,0.5,0,10,Clear,clear-night,
punjab,2022-11-17T20:00:00,22,22,5,32.88,0,0,,0,0,7.3,7.3,133.5,1013.3,0,24.1,71,0.3,0,10,Clear,clear-night,
punjab,2022-11-17T21:00:00,21.1,21.1,5,34.89,0,0,,0,0,6.5,6.5,26,1014,0,24.1,0,,0,10,Clear,clear-night,
punjab,2022-11-17T22:00:00,20.4,20.4,5.1,36.61,0,0,,0,0,6.2,6.2,27.3,1014,0,24.1,0,,0,10,Clear,clear-night,
punjab,2022-11-17T23:00:00,19.8,19.8,5.2,38.43,0,0,,0,0,6,6,28.6,1014,0,24.1,0,,0,10,Clear,clear-night,
punjab,2022-11-18T00:00:00,19.2,19.2,5.4,40.35,0,0,,0,0,5.8,5.8,29.9,1014,0,24.1,0,,0,10,Clear,clear-night,
punjab,2022-11-18T01:00:00,18.6,18.6,5.4,41.91,0,4.8,,0,0,5.6,5.6,40,1014,0,24.1,0,,0,10,Clear,clear-night,
punjab,2022-11-18T02:00:00,18.1,18.1,5.5,43.53,0,4.8,,0,0,5.5,5.5,50.2,1014,0,24.1,0,,0,10,Clear,clear-night,
punjab,2022-11-18T03:00:00,17.6,17.6,5.6,45.23,0,4.8,,0,0,5.4,5.4,60.3,1014,0,24.1,0,,0,10,Clear,clear-night,
punjab,2022-11-18T04:00:00,17.2,17.2,5.6,46.38,0,4.8,,0,0,4.9,4.9,73.9,1013.7,0,24.1,0,,0,10,Clear,clear-night,
punjab,2022-11-18T05:00:00,16.8,16.8,5.6,47.57,0,4.8,,0,0,4.4,4.4,87.4,1013.3,0,24.1,0,,0,10,Clear,clear-night,
punjab,2022-11-18T06:00:00,16.4,16.4,5.6,48.8,0,4.8,,0,0,4,4,101,1013,0,24.1,0,,0,10,Clear,clear-night,
punjab,2022-11-18T07:00:00,17.3,17.3,5.8,46.73,0,0,,0,0,3.7,3.7,108.5,1013.7,0,24.1,16.3,0.1,0,10,Clear,clear-day,
punjab,2022-11-18T08:00:00,18.2,18.2,6,44.77,0,0,,0,0,3.5,3.5,115.9,1014.3,0,24.1,32.7,0.1,0,10,Clear,clear-day,
punjab,2022-11-18T09:00:00,19.1,19.1,6.2,42.91,0,0,,0,0,3.2,3.2,123.4,1015,0,24.1,49,0.2,0,10,Clear,clear-day,
punjab,2022-11-18T10:00:00,21.4,21.4,5.9,36.38,0,0,,0,0,3.1,3.2,133.6,1015,0,24.1,186.7,0.7,2,10,Clear,clear-day,
punjab,2022-11-18T11:00:00,23.7,23.7,5.6,30.93,0,0,,0,0,3,3.2,143.7,1015,0,24.1,324.3,1.2,3,10,Clear,clear-day,
punjab,2022-11-18T12:00:00,26.1,26.1,5.3,26.35,0,0,,0,0,2.9,3.2,153.9,1015,0,24.1,462,1.7,5,10,Clear,clear-day,
punjab,2022-11-18T13:00:00,26.7,26.7,4.1,23.5,0,0,,0,0,5.4,4.7,206.1,1014.3,1.7,24.1,505,1.8,5,10,Clear,clear-day,
punjab,2022-11-18T14:00:00,27.3,26.3,3,20.95,0,0,,0,0,7.9,6.1,258.4,1013.7,3.3,24.1,548,2,5,10,Clear,clear-day,
punjab,2022-11-18T15:00:00,27.9,26.6,1.9,18.66,0,0,,0,0,10.4,7.6,310.6,1013,4.8,24.1,591,2.1,6,10,Clear,clear-day,
punjab,2022-11-18T16:00:00,26.3,26.3,1.9,20.46,0,0,,0,0,9.2,7.3,324.5,1013,4.9,24.1,464.7,1.7,5,10,Clear,clear-day,
punjab,2022-11-18T17:00:00,24.8,24.8,1.9,22.47,0,0,,0,0,8,7.1,338.4,1013,4.9,24.1,338.3,1.2,3,10,Clear,clear-day,
punjab,2022-11-18T18:00:00,23.3,23.3,2,24.7,0,0,,0,0,6.8,6.8,352.3,1013,5,24.1,212,0.8,0,10,Clear,clear-night,
punjab,2022-11-18T19:00:00,22.3,22.3,2.3,26.81,0,9.5,,0,0,7.3,7.3,254.9,1013.7,5.3,24.1,141.3,0.5,0,10,Clear,clear-night,
punjab,2022-11-18T20:00:00,21.3,21.3,2.6,29.11,0,9.5,,0,0,7.8,7.8,157.4,1014.3,5.5,24.1,70.7,0.3,0,10,Clear,clear-night,
punjab,2022-11-18T21:00:00,20.3,20.3,2.9,31.62,0,9.5,,0,0,8.3,8.3,60,1015,5.8,24.1,0,,0,10,Clear,clear-night,
punjab,2022-11-18T22:00:00,19.7,19.7,2.9,32.76,0,9.5,,0,0,8.4,8.4,66,1015,28.5,24.1,0,,0,10,Partially cloudy,partly-cloudy-night,
punjab,2022-11-18T23:00:00,19.2,19.2,2.9,33.95,0,9.5,,0,0,8.5,8.5,72.1,1015,51.3,24.1,0,,0,10,Partially cloudy,partly-cloudy-night,
